regtype,b1,b2,b4,b5,b7,b8,b9,b10,b0
reg_ar_yfe,0.686,0.681,0.428,0.838,-1.291,0.155,-8.382,1.727,-19.4265034598437
reg_ar_odyfe,0.746,-0.748,0.155,-0.004,-1.472,0.19,-11.706,1.606,-0.0015542355329128937
reg_abel_yfe,0.575,0.603,0.105,0.791,-1.038,0.09,-14.203,1.439,-15.331961084585858
