regtype,b3,b6,b7,b8,b9,b10,b0
reg_ratio_ar_yfe,0.037,0.145,-1.166,-0.053,-10.532,1.217,12.99563429931598
reg_ratio_ar_odyfe,-0.249,-0.088,-1.472,0.19,-12.891,1.607,16.123248748038883
